{"stats":{"minecraft:dropped":{"minecraft:wheat_seeds":2,"minecraft:golden_chestplate":1,"minecraft:dark_oak_log":43,"minecraft:wooden_pickaxe":2,"minecraft:stone_pickaxe":1},"minecraft:used":{"minecraft:moss_carpet":1,"minecraft:stone_pickaxe":63,"minecraft:wooden_pickaxe":17,"minecraft:shield":13,"farmersdelight:cabbage":3,"minecraft:iron_sword":49,"minecraft:rotten_flesh":7,"create_sa:copper_pickaxe":53,"minecraft:sand":1,"minecraft:dirt":11,"minecraft:crafting_table":4,"tfmg:galena":1,"minecraft:apple":1,"minecraft:stone_axe":22,"minecraft:fire_charge":1,"minecraft:furnace":3,"minecraft:oak_boat":2,"minecraft:cooked_beef":2},"minecraft:broken":{"minecraft:stone_axe":1},"minecraft:killed_by":{"minecraft:creeper":1},"minecraft:killed":{"minecraft:spider":4,"minecraft:creeper":2,"minecraft:horse":1,"minecraft:skeleton":6,"minecraft:drowned":5,"minecraft:cow":1},"minecraft:crafted":{"minecraft:cooked_beef":2,"create_sa:copper_leggings":1,"minecraft:oak_planks":24,"minecraft:crafting_table":1,"create_sa:copper_chestplate":1,"minecraft:wooden_pickaxe":1,"minecraft:iron_sword":1,"minecraft:furnace":1,"minecraft:copper_ingot":30,"minecraft:stone_axe":1,"minecraft:air":0,"create_sa:copper_boots":1,"minecraft:oak_boat":1,"minecraft:shield":1,"minecraft:stick":8,"minecraft:iron_ingot":6,"minecraft:iron_pickaxe":1,"minecraft:stone_pickaxe":1,"create_sa:copper_pickaxe":1},"minecraft:picked_up":{"minecraft:crafting_table":5,"minecraft:allium":13,"minecraft:leather":2,"minecraft:wooden_pickaxe":2,"minecraft:gold_block":1,"minecraft:oak_log":137,"minecraft:gunpowder":3,"minecraft:dirt":15,"minecraft:string":6,"minecraft:moss_carpet":1,"minecraft:raw_copper":35,"minecraft:bone":7,"minecraft:apple":7,"minecraft:bow":2,"minecraft:wheat_seeds":3,"farmersdelight:cabbage":3,"minecraft:iron_ingot":1,"minecraft:beef":3,"minecraft:stone_pickaxe":1,"minecraft:oak_boat":2,"tfmg:galena":1,"minecraft:sugar_cane":5,"minecraft:oak_planks":6,"farmersdelight:cabbage_seeds":9,"minecraft:furnace":2,"minecraft:dark_oak_sapling":8,"minecraft:stick":36,"minecraft:raw_iron":7,"createloveandwar:raw_sulphur":2,"minecraft:sand":4,"minecraft:spider_eye":1,"minecraft:dark_oak_log":86,"minecraft:arrow":11,"minecraft:rotten_flesh":7,"farmersdelight:onion":6,"minecraft:stone_axe":1,"minecraft:beetroot_seeds":1,"minecraft:oak_sapling":60,"minecraft:coal":63,"minecraft:cobblestone":78},"minecraft:custom":{"minecraft:interact_with_furnace":22,"minecraft:mob_kills":21,"minecraft:interact_with_crafting_table":19,"minecraft:leave_game":2,"minecraft:time_since_death":32604,"minecraft:climb_one_cm":195,"minecraft:time_since_rest":32632,"minecraft:sprint_one_cm":88144,"minecraft:damage_taken":740,"minecraft:walk_one_cm":72786,"minecraft:damage_blocked_by_shield":795,"minecraft:drop":6,"minecraft:damage_dealt":3787,"minecraft:swim_one_cm":7420,"minecraft:fly_one_cm":145765,"minecraft:open_chest":4,"minecraft:crouch_one_cm":558,"minecraft:play_time":41696,"minecraft:deaths":1,"minecraft:sneak_time":153,"minecraft:walk_under_water_one_cm":2366,"minecraft:boat_one_cm":39600,"minecraft:jump":755,"minecraft:walk_on_water_one_cm":7396,"minecraft:total_world_time":41696,"minecraft:fall_one_cm":17426},"minecraft:mined":{"minecraft:dark_oak_log":43,"minecraft:crafting_table":4,"minecraft:grass_block":1,"minecraft:tall_grass":1,"minecraft:copper_ore":9,"farmersdelight:wild_cabbages":10,"minecraft:sugar_cane":2,"farmersdelight:wild_onions":6,"farmersdelight:sandy_shrub":2,"tfmg:galena":1,"minecraft:furnace":2,"minecraft:iron_ore":7,"minecraft:moss_carpet":1,"minecraft:gold_block":1,"minecraft:grass":8,"minecraft:oak_log":70,"minecraft:coal_ore":41,"minecraft:dirt":5,"minecraft:sand":4,"minecraft:stone":64,"minecraft:oak_leaves":1,"minecraft:fern":2}},"DataVersion":3465}