{"stats":{"minecraft:dropped":{"minecraft:wheat_seeds":2,"minecraft:golden_chestplate":1,"minecraft:dark_oak_log":43,"minecraft:arrow":11,"minecraft:bow":1,"minecraft:wooden_pickaxe":2,"minecraft:stone_pickaxe":1},"minecraft:used":{"minecraft:moss_carpet":1,"minecraft:stone_pickaxe":63,"minecraft:wooden_pickaxe":17,"minecraft:shield":13,"farmersdelight:cabbage":3,"minecraft:iron_sword":65,"minecraft:deepslate_bricks":1,"minecraft:rotten_flesh":8,"create_sa:copper_pickaxe":71,"minecraft:torch":3,"minecraft:sand":7,"minecraft:dirt":11,"minecraft:crafting_table":5,"minecraft:raw_iron_block":1,"tfmg:galena":1,"minecraft:apple":1,"minecraft:bread":6,"create:black_toolbox":2,"minecraft:fire_charge":1,"minecraft:stone_axe":22,"minecraft:furnace":3,"minecraft:oak_boat":4,"minecraft:cooked_beef":2},"minecraft:broken":{"minecraft:stone_axe":1},"minecraft:killed_by":{"minecraft:creeper":1},"minecraft:killed":{"minecraft:spider":4,"minecraft:creeper":2,"minecraft:horse":4,"minecraft:skeleton":6,"minecraft:drowned":6,"minecraft:cow":1},"minecraft:crafted":{"minecraft:cooked_beef":2,"create_sa:copper_leggings":1,"minecraft:oak_planks":32,"minecraft:raw_iron":9,"sophisticatedbackpacks:backpack":1,"minecraft:crafting_table":1,"create_sa:copper_chestplate":1,"minecraft:wooden_pickaxe":1,"minecraft:iron_sword":1,"minecraft:furnace":1,"minecraft:copper_ingot":30,"minecraft:stone_axe":1,"minecraft:air":0,"create_sa:copper_boots":1,"minecraft:oak_boat":1,"minecraft:bow":1,"minecraft:shield":1,"minecraft:stick":8,"minecraft:iron_ingot":6,"minecraft:iron_pickaxe":1,"minecraft:stone_pickaxe":1,"minecraft:chest":1,"minecraft:torch":28,"create_sa:copper_pickaxe":1},"minecraft:picked_up":{"minecraft:crafting_table":6,"minecraft:allium":26,"minecraft:golden_pickaxe":1,"minecraft:leather":8,"minecraft:wooden_pickaxe":2,"minecraft:gold_block":2,"minecraft:flint":2,"minecraft:oak_log":201,"minecraft:shield":1,"minecraft:gunpowder":6,"minecraft:string":12,"minecraft:dirt":16,"minecraft:moss_carpet":1,"minecraft:raw_copper":35,"minecraft:flint_and_steel":1,"minecraft:bone":14,"minecraft:apple":8,"minecraft:bow":2,"minecraft:wheat_seeds":3,"create_sa:copper_chestplate":1,"farmersdelight:cabbage":3,"create_sa:copper_pickaxe":1,"minecraft:iron_ingot":2,"minecraft:beef":3,"minecraft:stone_pickaxe":1,"minecraft:oak_boat":5,"tfmg:galena":1,"minecraft:iron_pickaxe":1,"minecraft:sugar_cane":10,"minecraft:iron_sword":1,"minecraft:oak_planks":6,"farmersdelight:cabbage_seeds":18,"minecraft:furnace":2,"minecraft:raw_iron":7,"minecraft:golden_helmet":1,"minecraft:dark_oak_sapling":16,"minecraft:stick":51,"minecraft:copper_ingot":8,"minecraft:torch":2,"minecraft:raw_iron_block":2,"minecraft:gravel":9,"createloveandwar:raw_sulphur":4,"minecraft:sand":7,"minecraft:dark_oak_log":129,"minecraft:spider_eye":2,"minecraft:arrow":11,"create_sa:copper_boots":1,"minecraft:rotten_flesh":10,"minecraft:stone_axe":1,"minecraft:beetroot_seeds":2,"farmersdelight:onion":12,"create_sa:copper_leggings":1,"minecraft:deepslate_bricks":1,"minecraft:bread":84,"minecraft:oak_sapling":60,"minecraft:obsidian":4,"minecraft:coal":109,"minecraft:cobblestone":134},"minecraft:custom":{"minecraft:interact_with_furnace":22,"minecraft:mob_kills":25,"minecraft:interact_with_crafting_table":20,"minecraft:leave_game":3,"minecraft:time_since_death":40364,"minecraft:sleep_in_bed":2,"minecraft:climb_one_cm":195,"minecraft:waystone_activated":1,"minecraft:time_since_rest":11815,"minecraft:sprint_one_cm":149864,"minecraft:damage_taken":944,"minecraft:walk_one_cm":135429,"minecraft:damage_blocked_by_shield":795,"minecraft:drop":9,"minecraft:damage_dealt":4507,"minecraft:swim_one_cm":9499,"minecraft:fly_one_cm":254921,"minecraft:talked_to_villager":7,"minecraft:open_chest":29,"minecraft:crouch_one_cm":900,"minecraft:play_time":106804,"minecraft:sneak_time":368,"minecraft:deaths":2,"minecraft:walk_under_water_one_cm":2815,"minecraft:boat_one_cm":317160,"minecraft:jump":1259,"minecraft:walk_on_water_one_cm":9091,"minecraft:total_world_time":106804,"minecraft:fall_one_cm":27097},"minecraft:mined":{"minecraft:dark_oak_log":43,"minecraft:crafting_table":4,"minecraft:torch":2,"minecraft:grass_block":1,"minecraft:deepslate_bricks":1,"minecraft:copper_ore":9,"minecraft:tall_grass":2,"farmersdelight:wild_cabbages":10,"minecraft:sugar_cane":2,"farmersdelight:wild_onions":6,"minecraft:raw_iron_block":1,"farmersdelight:sandy_shrub":2,"tfmg:galena":1,"minecraft:furnace":2,"minecraft:iron_ore":7,"minecraft:moss_carpet":1,"minecraft:gold_block":2,"minecraft:gravel":2,"minecraft:grass":15,"minecraft:coal_ore":50,"minecraft:oak_log":70,"minecraft:sand":7,"minecraft:dirt":5,"minecraft:stone":69,"minecraft:oak_leaves":1,"minecraft:fern":2}},"DataVersion":3465}