{"stats":{"minecraft:used":{"minecraft:moss_carpet":1,"minecraft:shield":22,"farmersdelight:cabbage":3,"minecraft:iron_sword":83,"minecraft:rotten_flesh":8,"create_sa:copper_pickaxe":133,"minecraft:torch":31,"minecraft:dirt":11,"minecraft:allium":12,"minecraft:raw_iron_block":1,"tfmg:galena":1,"minecraft:granite":3,"minecraft:iron_axe":2,"minecraft:furnace":5,"minecraft:cooked_beef":2,"minecraft:water_bucket":1,"minecraft:stone_pickaxe":63,"minecraft:wooden_pickaxe":17,"minecraft:deepslate_bricks":1,"minecraft:sand":7,"minecraft:crafting_table":7,"minecraft:oak_log":1,"minecraft:apple":1,"minecraft:bread":11,"minecraft:iron_pickaxe":55,"create:black_toolbox":2,"minecraft:stone_axe":22,"minecraft:fire_charge":1,"minecraft:bucket":2,"minecraft:oak_boat":4},"minecraft:dropped":{"minecraft:bread":18,"minecraft:wheat_seeds":2,"minecraft:dark_oak_log":43,"minecraft:torch":1,"minecraft:golden_chestplate":1,"minecraft:allium":12,"minecraft:arrow":11,"minecraft:bow":1,"minecraft:stone_pickaxe":1,"minecraft:wooden_pickaxe":2},"minecraft:killed_by":{"minecraft:creeper":3},"minecraft:killed":{"minecraft:spider":4,"minecraft:skeleton":10,"minecraft:horse":4,"minecraft:drowned":6,"minecraft:creeper":2,"minecraft:cow":1},"minecraft:broken":{"create_sa:copper_pickaxe":1,"minecraft:stone_axe":1},"minecraft:crafted":{"minecraft:oak_planks":40,"minecraft:raw_iron":9,"create_sa:copper_chestplate":1,"minecraft:furnace":3,"minecraft:bow":1,"sophisticatedbackpacks:copper_backpack":1,"minecraft:iron_axe":1,"minecraft:stone_pickaxe":1,"minecraft:chest":1,"create_sa:copper_pickaxe":1,"sophisticatedbackpacks:iron_backpack":1,"minecraft:cooked_beef":2,"create_sa:copper_leggings":1,"sophisticatedbackpacks:backpack":1,"minecraft:crafting_table":3,"minecraft:wooden_pickaxe":1,"minecraft:iron_sword":1,"minecraft:copper_ingot":74,"minecraft:bucket":1,"minecraft:stone_axe":1,"minecraft:air":0,"create_sa:copper_boots":1,"minecraft:oak_boat":1,"minecraft:shield":1,"minecraft:stick":8,"minecraft:iron_ingot":46,"minecraft:iron_pickaxe":1,"minecraft:torch":28},"minecraft:picked_up":{"minecraft:crafting_table":7,"minecraft:allium":50,"minecraft:golden_pickaxe":1,"minecraft:wooden_pickaxe":2,"minecraft:gold_block":2,"minecraft:shield":3,"minecraft:string":12,"minecraft:moss_carpet":1,"minecraft:raw_copper":107,"minecraft:iron_axe":2,"minecraft:flint_and_steel":1,"create_sa:copper_chestplate":3,"farmersdelight:cabbage":3,"minecraft:beef":3,"minecraft:oak_boat":7,"minecraft:iron_pickaxe":3,"minecraft:sugar_cane":10,"farmersdelight:cabbage_seeds":18,"minecraft:furnace":3,"minecraft:golden_helmet":1,"minecraft:dark_oak_sapling":16,"minecraft:stick":63,"minecraft:raw_iron":81,"minecraft:copper_ingot":8,"minecraft:torch":43,"createloveandwar:raw_sulphur":4,"farmersdelight:tomato_seeds":6,"minecraft:arrow":18,"minecraft:rotten_flesh":10,"minecraft:beetroot_seeds":2,"farmersdelight:onion":30,"create_sa:copper_leggings":3,"minecraft:deepslate_bricks":1,"minecraft:obsidian":4,"minecraft:cobblestone":289,"minecraft:water_bucket":2,"minecraft:andesite":1,"minecraft:leather":8,"minecraft:potato":14,"minecraft:flint":2,"minecraft:oak_log":322,"minecraft:gunpowder":6,"tfmg:raw_lead":15,"minecraft:dirt":16,"minecraft:bone":21,"minecraft:apple":14,"minecraft:bow":2,"minecraft:wheat_seeds":6,"minecraft:iron_ingot":2,"create_sa:copper_pickaxe":3,"minecraft:stone_pickaxe":1,"tfmg:galena":1,"minecraft:oak_planks":6,"minecraft:iron_sword":3,"minecraft:book":2,"minecraft:raw_iron_block":2,"minecraft:gravel":27,"minecraft:sand":7,"minecraft:spider_eye":2,"minecraft:dark_oak_log":129,"create_sa:copper_boots":3,"minecraft:stone_axe":1,"minecraft:iron_helmet":2,"minecraft:granite":7,"minecraft:golden_apple":4,"minecraft:bread":160,"minecraft:oak_sapling":60,"minecraft:coal":137},"minecraft:custom":{"minecraft:mob_kills":30,"minecraft:interact_with_crafting_table":26,"minecraft:leave_game":3,"minecraft:time_since_death":15019,"minecraft:climb_one_cm":195,"minecraft:sprint_one_cm":193166,"minecraft:walk_one_cm":169893,"minecraft:damage_blocked_by_shield":1380,"minecraft:drop":12,"minecraft:talked_to_villager":7,"minecraft:play_time":130804,"minecraft:deaths":4,"minecraft:sneak_time":374,"minecraft:walk_under_water_one_cm":2815,"minecraft:boat_one_cm":317160,"minecraft:jump":1716,"minecraft:walk_on_water_one_cm":9224,"minecraft:total_world_time":130804,"minecraft:interact_with_furnace":45,"minecraft:sleep_in_bed":2,"minecraft:time_since_rest":15053,"minecraft:waystone_activated":1,"minecraft:damage_taken":1764,"minecraft:damage_dealt":5531,"minecraft:swim_one_cm":9499,"minecraft:fly_one_cm":353351,"minecraft:open_chest":29,"minecraft:crouch_one_cm":910,"minecraft:fall_one_cm":45819},"minecraft:mined":{"minecraft:dark_oak_log":43,"minecraft:granite":7,"minecraft:grass_block":1,"minecraft:deepslate_bricks":1,"farmersdelight:wild_cabbages":10,"farmersdelight:wild_onions":12,"minecraft:raw_iron_block":1,"minecraft:furnace":3,"minecraft:iron_ore":63,"minecraft:andesite":1,"minecraft:moss_carpet":1,"minecraft:gold_block":2,"minecraft:stone":98,"minecraft:crafting_table":5,"minecraft:torch":2,"tfmg:lead_ore":5,"minecraft:tall_grass":2,"minecraft:copper_ore":21,"minecraft:sugar_cane":2,"farmersdelight:sandy_shrub":2,"tfmg:galena":1,"minecraft:grass":17,"minecraft:oak_log":71,"minecraft:coal_ore":56,"minecraft:dirt":5,"minecraft:gravel":2,"minecraft:sand":7,"minecraft:oak_leaves":1,"minecraft:fern":2}},"DataVersion":3465}