{"stats":{"minecraft:killed":{"minecraft:spider":3,"minecraft:horse":1,"minecraft:skeleton":4,"minecraft:cow":1},"minecraft:broken":{"minecraft:stone_axe":1},"minecraft:dropped":{"minecraft:dark_oak_log":43,"minecraft:wooden_pickaxe":2,"minecraft:stone_pickaxe":1},"minecraft:killed_by":{"minecraft:creeper":1},"minecraft:custom":{"minecraft:interact_with_furnace":22,"minecraft:mob_kills":9,"minecraft:interact_with_crafting_table":19,"minecraft:leave_game":2,"minecraft:time_since_death":20636,"minecraft:climb_one_cm":195,"minecraft:time_since_rest":20664,"minecraft:sprint_one_cm":57329,"minecraft:damage_taken":423,"minecraft:walk_one_cm":49632,"minecraft:damage_blocked_by_shield":540,"minecraft:drop":4,"minecraft:damage_dealt":1645,"minecraft:swim_one_cm":2321,"minecraft:fly_one_cm":110444,"minecraft:open_chest":2,"minecraft:crouch_one_cm":558,"minecraft:play_time":29728,"minecraft:deaths":1,"minecraft:sneak_time":144,"minecraft:walk_under_water_one_cm":440,"minecraft:boat_one_cm":39600,"minecraft:jump":545,"minecraft:walk_on_water_one_cm":2441,"minecraft:total_world_time":29728,"minecraft:fall_one_cm":14303},"minecraft:mined":{"minecraft:dark_oak_log":43,"minecraft:crafting_table":4,"minecraft:grass_block":1,"minecraft:tall_grass":1,"minecraft:copper_ore":9,"farmersdelight:wild_cabbages":10,"farmersdelight:wild_onions":6,"farmersdelight:sandy_shrub":2,"tfmg:galena":1,"minecraft:furnace":2,"minecraft:iron_ore":7,"minecraft:moss_carpet":1,"minecraft:gold_block":1,"minecraft:grass":4,"minecraft:oak_log":70,"minecraft:coal_ore":41,"minecraft:dirt":5,"minecraft:sand":1,"minecraft:stone":64,"minecraft:oak_leaves":1,"minecraft:fern":1},"minecraft:crafted":{"minecraft:cooked_beef":2,"create_sa:copper_leggings":1,"minecraft:oak_planks":24,"minecraft:crafting_table":1,"create_sa:copper_chestplate":1,"minecraft:wooden_pickaxe":1,"minecraft:iron_sword":1,"minecraft:furnace":1,"minecraft:copper_ingot":30,"minecraft:stone_axe":1,"minecraft:air":0,"create_sa:copper_boots":1,"minecraft:oak_boat":1,"minecraft:shield":1,"minecraft:stick":8,"minecraft:iron_ingot":6,"minecraft:iron_pickaxe":1,"minecraft:stone_pickaxe":1,"create_sa:copper_pickaxe":1},"minecraft:used":{"minecraft:moss_carpet":1,"minecraft:stone_pickaxe":63,"minecraft:wooden_pickaxe":17,"minecraft:shield":9,"farmersdelight:cabbage":3,"minecraft:iron_sword":9,"create_sa:copper_pickaxe":53,"minecraft:sand":1,"minecraft:dirt":11,"minecraft:crafting_table":4,"tfmg:galena":1,"minecraft:stone_axe":22,"minecraft:fire_charge":1,"minecraft:furnace":3,"minecraft:oak_boat":2,"minecraft:cooked_beef":2},"minecraft:picked_up":{"minecraft:allium":13,"minecraft:crafting_table":5,"minecraft:leather":2,"minecraft:wooden_pickaxe":2,"minecraft:gold_block":1,"minecraft:oak_log":137,"minecraft:dirt":15,"minecraft:string":4,"minecraft:moss_carpet":1,"minecraft:raw_copper":35,"minecraft:bone":5,"minecraft:apple":7,"minecraft:wheat_seeds":2,"farmersdelight:cabbage":3,"minecraft:beef":3,"minecraft:iron_ingot":1,"minecraft:stone_pickaxe":1,"minecraft:oak_boat":2,"tfmg:galena":1,"minecraft:oak_planks":6,"farmersdelight:cabbage_seeds":9,"minecraft:furnace":2,"minecraft:dark_oak_sapling":8,"minecraft:stick":36,"minecraft:raw_iron":7,"minecraft:sand":1,"minecraft:dark_oak_log":86,"minecraft:arrow":8,"farmersdelight:onion":6,"minecraft:stone_axe":1,"minecraft:beetroot_seeds":1,"minecraft:oak_sapling":60,"minecraft:coal":63,"minecraft:cobblestone":78}},"DataVersion":3465}