{"stats":{"minecraft:dropped":{"minecraft:oak_sapling":2},"minecraft:used":{"minecraft:iron_pickaxe":17,"minecraft:granite":1},"minecraft:crafted":{"minecraft:oak_planks":8,"minecraft:shield":1,"minecraft:stick":4,"minecraft:iron_ingot":5,"minecraft:air":0,"minecraft:iron_pickaxe":1},"minecraft:picked_up":{"minecraft:raw_copper":35,"minecraft:stick":1,"minecraft:granite":1,"create:raw_zinc":6,"minecraft:oak_log":8,"minecraft:oak_sapling":2},"minecraft:custom":{"minecraft:time_since_rest":4684,"minecraft:crouch_one_cm":25,"minecraft:play_time":4684,"minecraft:interact_with_furnace":9,"minecraft:sprint_one_cm":11152,"minecraft:damage_taken":20,"minecraft:walk_one_cm":6993,"minecraft:sneak_time":32,"minecraft:drop":2,"minecraft:jump":60,"minecraft:damage_dealt":10,"minecraft:leave_game":1,"minecraft:time_since_death":4684,"minecraft:total_world_time":4684,"minecraft:fall_one_cm":2485,"minecraft:interact_with_crafting_table":5,"minecraft:fly_one_cm":14335},"minecraft:mined":{"create:zinc_ore":6,"minecraft:oak_log":8,"minecraft:copper_ore":10,"minecraft:fern":1,"minecraft:granite":1}},"DataVersion":3465}