{"stats":{"minecraft:used":{"minecraft:torch":6,"minecraft:stone_bricks":1,"minecraft:golden_sword":6,"minecraft:furnace":2,"minecraft:cooked_beef":9,"minecraft:stone_pickaxe":88,"minecraft:oak_planks":30,"minecraft:wooden_pickaxe":7,"minecraft:sand":2,"minecraft:crafting_table":6,"minecraft:white_bed":3,"waystones:waystone":2,"minecraft:apple":5,"minecraft:iron_pickaxe":56,"minecraft:stone_axe":74,"minecraft:chiseled_stone_bricks":1,"minecraft:cooked_porkchop":9,"minecraft:oak_boat":1},"minecraft:dropped":{"minecraft:wheat_seeds":13,"tfmg:galena":1,"minecraft:golden_axe":2,"createloveandwar:robot_dog_valkyrie_skin":1,"minecraft:red_carpet":24,"minecraft:dirt":3,"minecraft:torch":5,"minecraft:sunflower":4,"minecraft:sand":7,"minecraft:moss_carpet":2,"minecraft:black_carpet":2,"minecraft:raw_iron":1,"minecraft:rotten_flesh":4,"minecraft:chiseled_stone_bricks":1,"minecraft:potato":1,"minecraft:peony":1,"tfmg:raw_lead":1,"minecraft:oak_sapling":41,"minecraft:oak_boat":1,"minecraft:spruce_slab":1,"minecraft:wooden_pickaxe":3,"waystones:waystone":1,"farmersdelight:tomato":1},"minecraft:killed":{"minecraft:pig":10,"minecraft:sheep":8,"minecraft:zombie":3,"minecraft:cow":10},"minecraft:killed_by":{"minecraft:evoker":1,"minecraft:vex":5},"minecraft:crafted":{"minecraft:oak_planks":108,"minecraft:furnace":1,"minecraft:stone_pickaxe":1,"minecraft:chest":1,"minecraft:cooked_beef":3,"sophisticatedbackpacks:backpack":1,"minecraft:cooked_porkchop":24,"minecraft:crafting_table":1,"minecraft:wooden_pickaxe":1,"minecraft:stone_axe":1,"minecraft:air":0,"minecraft:oak_boat":1,"minecraft:iron_chestplate":1,"minecraft:stick":8,"minecraft:iron_ingot":3,"minecraft:iron_pickaxe":1,"minecraft:gold_ingot":9,"minecraft:iron_leggings":1,"minecraft:white_bed":1,"minecraft:torch":24,"farmersdelight:onion":27},"minecraft:picked_up":{"minecraft:iron_chestplate":4,"minecraft:crafting_table":10,"minecraft:black_carpet":2,"minecraft:redstone_block":2,"create:spout":2,"minecraft:wooden_pickaxe":2,"minecraft:gold_block":2,"create:item_drain":2,"create:wooden_bracket":3,"minecraft:golden_sword":4,"minecraft:string":33,"create:fluid_pipe":8,"minecraft:moss_carpet":2,"minecraft:iron_leggings":4,"minecraft:beef":64,"minecraft:oak_boat":1,"minecraft:iron_pickaxe":12,"minecraft:spruce_slab":1,"farmersdelight:cabbage_seeds":12,"minecraft:furnace":6,"minecraft:stick":12,"minecraft:raw_iron":9,"minecraft:torch":82,"minecraft:porkchop":24,"createloveandwar:raw_sulphur":7,"farmersdelight:tomato_seeds":33,"create:hand_crank":8,"minecraft:carrot":16,"minecraft:rotten_flesh":6,"minecraft:peony":1,"farmersdelight:onion":132,"minecraft:mutton":75,"minecraft:white_wool":8,"minecraft:cobblestone":169,"farmersdelight:rice":20,"minecraft:cooked_beef":6,"create:fluid_tank":2,"minecraft:leather":19,"minecraft:potato":53,"minecraft:oak_log":212,"minecraft:waxed_copper_block":8,"minecraft:golden_boots":4,"farmersdelight:tomato":1,"tfmg:raw_lead":6,"minecraft:dirt":3,"minecraft:red_carpet":57,"minecraft:apple":27,"minecraft:stone_bricks":1,"minecraft:wheat_seeds":14,"create:mechanical_drill":6,"minecraft:stone_pickaxe":4,"create:shaft":1,"tfmg:galena":1,"create:fluid_valve":1,"minecraft:oak_planks":204,"minecraft:cooked_porkchop":64,"minecraft:chiseled_stone_bricks":2,"create:cogwheel":2,"minecraft:sand":9,"minecraft:white_bed":3,"createloveandwar:robot_dog_valkyrie_skin":1,"minecraft:diamond":6,"minecraft:stone_axe":4,"waystones:waystone":6,"minecraft:iron_helmet":4,"create:mechanical_pump":2,"minecraft:oak_sapling":41,"create:copper_valve_handle":12,"minecraft:coal":156,"minecraft:sunflower":4},"minecraft:custom":{"minecraft:mob_kills":31,"minecraft:interact_with_crafting_table":12,"minecraft:open_barrel":3,"minecraft:leave_game":1,"minecraft:time_since_death":5249,"minecraft:climb_one_cm":36,"minecraft:sprint_one_cm":331552,"minecraft:walk_one_cm":176263,"minecraft:drop":113,"minecraft:talked_to_villager":1,"minecraft:play_time":125970,"minecraft:deaths":6,"minecraft:sneak_time":902,"minecraft:walk_under_water_one_cm":60406,"minecraft:boat_one_cm":135675,"minecraft:jump":2355,"minecraft:walk_on_water_one_cm":42953,"minecraft:total_world_time":125970,"minecraft:interact_with_furnace":17,"minecraft:sleep_in_bed":5,"minecraft:time_since_rest":5285,"minecraft:waystone_activated":2,"minecraft:damage_taken":2730,"minecraft:damage_dealt":3389,"minecraft:swim_one_cm":103957,"minecraft:fly_one_cm":728702,"minecraft:open_chest":27,"minecraft:crouch_one_cm":798,"minecraft:fall_one_cm":50646,"minecraft:inspect_dispenser":4},"minecraft:mined":{"minecraft:diamond_ore":4,"minecraft:white_bed":3,"create:fluid_tank":2,"minecraft:chiseled_stone_bricks":1,"minecraft:large_fern":1,"create:shaft":1,"minecraft:furnace":2,"minecraft:iron_ore":4,"create:encased_fluid_pipe":3,"minecraft:black_carpet":2,"minecraft:peony":1,"minecraft:gold_block":2,"minecraft:packed_ice":9,"minecraft:stone":39,"minecraft:spruce_slab":1,"create:item_drain":2,"create:cogwheel":2,"minecraft:redstone_block":2,"create:fluid_valve":1,"minecraft:crafting_table":6,"create:fluid_pipe":5,"minecraft:torch":2,"createloveandwar:sulphur_ore":2,"create:mechanical_pump":2,"tfmg:lead_ore":1,"minecraft:tall_grass":3,"minecraft:cobblestone":7,"create:copper_valve_handle":2,"farmersdelight:wild_tomatoes":5,"minecraft:wall_torch":3,"minecraft:orange_carpet":1,"tfmg:galena":1,"minecraft:ice":2,"minecraft:waxed_copper_block":8,"create:spout":2,"create:mechanical_drill":6,"minecraft:grass":21,"minecraft:coal_ore":33,"minecraft:oak_log":64,"minecraft:sunflower":1,"minecraft:sand":13,"minecraft:dirt":3,"minecraft:stone_bricks":1,"minecraft:fern":3}},"DataVersion":3465}