{"stats":{"minecraft:used":{"minecraft:stone_pickaxe":79,"minecraft:wooden_pickaxe":7,"minecraft:torch":2,"minecraft:crafting_table":4,"minecraft:white_bed":1,"minecraft:apple":3,"minecraft:iron_pickaxe":3,"minecraft:stone_axe":62,"minecraft:furnace":1,"minecraft:oak_boat":1,"minecraft:cooked_beef":6},"minecraft:dropped":{"minecraft:moss_carpet":2,"minecraft:wheat_seeds":12,"minecraft:rotten_flesh":2,"minecraft:peony":1,"minecraft:oak_sapling":41,"minecraft:sunflower":4,"minecraft:wooden_pickaxe":2},"minecraft:killed":{"minecraft:pig":9,"minecraft:sheep":8,"minecraft:zombie":2,"minecraft:cow":6},"minecraft:crafted":{"minecraft:cooked_beef":3,"minecraft:oak_planks":108,"minecraft:crafting_table":1,"minecraft:wooden_pickaxe":1,"minecraft:furnace":1,"minecraft:stone_axe":1,"minecraft:air":0,"minecraft:oak_boat":1,"minecraft:stick":8,"minecraft:iron_pickaxe":1,"minecraft:iron_ingot":3,"minecraft:stone_pickaxe":1,"minecraft:white_bed":1,"minecraft:torch":24},"minecraft:picked_up":{"minecraft:crafting_table":4,"minecraft:cooked_beef":6,"minecraft:leather":6,"minecraft:wooden_pickaxe":2,"minecraft:potato":1,"minecraft:gold_block":1,"minecraft:oak_log":64,"farmersdelight:tomato":1,"minecraft:moss_carpet":2,"minecraft:apple":7,"minecraft:wheat_seeds":12,"create:mechanical_drill":1,"minecraft:beef":13,"minecraft:oak_boat":1,"minecraft:furnace":1,"minecraft:stick":12,"minecraft:raw_iron":3,"minecraft:torch":2,"createloveandwar:raw_sulphur":7,"minecraft:porkchop":22,"farmersdelight:tomato_seeds":5,"create:hand_crank":1,"minecraft:white_bed":1,"minecraft:rotten_flesh":2,"minecraft:diamond":1,"minecraft:peony":1,"waystones:waystone":1,"minecraft:oak_sapling":41,"minecraft:mutton":15,"minecraft:coal":56,"minecraft:white_wool":8,"minecraft:cobblestone":45,"minecraft:sunflower":4},"minecraft:custom":{"minecraft:interact_with_furnace":13,"minecraft:mob_kills":25,"minecraft:interact_with_crafting_table":9,"minecraft:leave_game":1,"minecraft:time_since_death":35970,"minecraft:sleep_in_bed":1,"minecraft:time_since_rest":18813,"minecraft:sprint_one_cm":105800,"minecraft:damage_taken":385,"minecraft:walk_one_cm":61679,"minecraft:drop":64,"minecraft:damage_dealt":2540,"minecraft:swim_one_cm":3675,"minecraft:fly_one_cm":178016,"minecraft:open_chest":3,"minecraft:crouch_one_cm":171,"minecraft:play_time":35970,"minecraft:sneak_time":128,"minecraft:walk_under_water_one_cm":264,"minecraft:boat_one_cm":135675,"minecraft:jump":690,"minecraft:walk_on_water_one_cm":2394,"minecraft:total_world_time":35970,"minecraft:fall_one_cm":20801},"minecraft:mined":{"minecraft:white_bed":1,"minecraft:crafting_table":4,"minecraft:torch":2,"createloveandwar:sulphur_ore":2,"minecraft:tall_grass":3,"minecraft:cobblestone":7,"farmersdelight:wild_tomatoes":5,"minecraft:furnace":1,"minecraft:iron_ore":3,"minecraft:peony":1,"minecraft:gold_block":1,"create:mechanical_drill":1,"minecraft:grass":21,"minecraft:oak_log":64,"minecraft:coal_ore":33,"minecraft:sunflower":1,"minecraft:stone":39,"minecraft:fern":3}},"DataVersion":3465}