{"stats":{"minecraft:used":{"minecraft:stone_pickaxe":88,"minecraft:oak_planks":19,"minecraft:wooden_pickaxe":7,"minecraft:torch":6,"minecraft:sand":2,"minecraft:crafting_table":6,"minecraft:white_bed":2,"minecraft:apple":5,"minecraft:iron_pickaxe":44,"minecraft:golden_sword":1,"minecraft:stone_axe":70,"minecraft:furnace":2,"minecraft:cooked_porkchop":7,"minecraft:oak_boat":1,"minecraft:cooked_beef":9},"minecraft:dropped":{"minecraft:moss_carpet":2,"minecraft:wheat_seeds":12,"tfmg:galena":1,"minecraft:raw_iron":1,"minecraft:golden_axe":2,"minecraft:rotten_flesh":4,"createloveandwar:robot_dog_valkyrie_skin":1,"minecraft:dirt":3,"minecraft:potato":1,"minecraft:torch":5,"minecraft:peony":1,"tfmg:raw_lead":1,"minecraft:oak_boat":1,"minecraft:oak_sapling":41,"minecraft:spruce_slab":1,"minecraft:sunflower":4,"minecraft:sand":7,"minecraft:wooden_pickaxe":3,"farmersdelight:tomato":1},"minecraft:killed":{"minecraft:pig":10,"minecraft:sheep":8,"minecraft:zombie":2,"minecraft:cow":10},"minecraft:crafted":{"minecraft:cooked_beef":3,"minecraft:oak_planks":108,"sophisticatedbackpacks:backpack":1,"minecraft:cooked_porkchop":24,"minecraft:crafting_table":1,"minecraft:wooden_pickaxe":1,"minecraft:furnace":1,"minecraft:stone_axe":1,"minecraft:air":0,"minecraft:oak_boat":1,"minecraft:iron_chestplate":1,"minecraft:stick":8,"minecraft:iron_pickaxe":1,"minecraft:iron_ingot":3,"minecraft:stone_pickaxe":1,"minecraft:chest":1,"minecraft:iron_leggings":1,"minecraft:gold_ingot":9,"minecraft:white_bed":1,"minecraft:torch":24,"farmersdelight:onion":27},"minecraft:picked_up":{"minecraft:crafting_table":6,"minecraft:redstone_block":2,"minecraft:cooked_beef":6,"create:fluid_tank":2,"create:spout":2,"minecraft:leather":7,"minecraft:wooden_pickaxe":2,"minecraft:potato":1,"create:item_drain":2,"minecraft:gold_block":1,"minecraft:waxed_copper_block":8,"minecraft:oak_log":64,"create:wooden_bracket":3,"tfmg:raw_lead":2,"minecraft:dirt":3,"farmersdelight:tomato":1,"minecraft:moss_carpet":2,"create:fluid_pipe":8,"minecraft:apple":7,"minecraft:wheat_seeds":12,"create:mechanical_drill":6,"minecraft:beef":20,"minecraft:oak_boat":1,"create:shaft":1,"tfmg:galena":1,"minecraft:spruce_slab":1,"create:fluid_valve":1,"minecraft:furnace":2,"minecraft:stick":12,"minecraft:raw_iron":5,"create:cogwheel":2,"minecraft:torch":6,"minecraft:sand":9,"createloveandwar:raw_sulphur":7,"minecraft:porkchop":24,"farmersdelight:tomato_seeds":5,"create:hand_crank":8,"minecraft:white_bed":1,"createloveandwar:robot_dog_valkyrie_skin":1,"minecraft:rotten_flesh":6,"minecraft:diamond":6,"minecraft:peony":1,"waystones:waystone":4,"create:mechanical_pump":2,"minecraft:oak_sapling":41,"create:copper_valve_handle":4,"minecraft:mutton":15,"minecraft:coal":56,"minecraft:white_wool":8,"minecraft:cobblestone":45,"minecraft:sunflower":4},"minecraft:custom":{"minecraft:interact_with_furnace":17,"minecraft:mob_kills":30,"minecraft:open_barrel":3,"minecraft:interact_with_crafting_table":12,"minecraft:leave_game":1,"minecraft:time_since_death":101970,"minecraft:sleep_in_bed":4,"minecraft:time_since_rest":27824,"minecraft:sprint_one_cm":299299,"minecraft:damage_taken":829,"minecraft:walk_one_cm":161784,"minecraft:drop":84,"minecraft:damage_dealt":3040,"minecraft:talked_to_villager":1,"minecraft:swim_one_cm":7584,"minecraft:fly_one_cm":663538,"minecraft:open_chest":27,"minecraft:crouch_one_cm":779,"minecraft:play_time":101970,"minecraft:sneak_time":482,"minecraft:walk_under_water_one_cm":7682,"minecraft:boat_one_cm":135675,"minecraft:jump":2070,"minecraft:walk_on_water_one_cm":4654,"minecraft:total_world_time":101970,"minecraft:fall_one_cm":47747},"minecraft:mined":{"create:item_drain":2,"minecraft:diamond_ore":4,"create:cogwheel":2,"minecraft:redstone_block":2,"minecraft:white_bed":1,"create:fluid_valve":1,"create:fluid_pipe":5,"create:fluid_tank":2,"minecraft:crafting_table":6,"minecraft:torch":2,"createloveandwar:sulphur_ore":2,"create:mechanical_pump":2,"tfmg:lead_ore":1,"minecraft:tall_grass":3,"minecraft:cobblestone":7,"create:copper_valve_handle":2,"farmersdelight:wild_tomatoes":5,"minecraft:wall_torch":3,"minecraft:large_fern":1,"create:shaft":1,"tfmg:galena":1,"minecraft:furnace":2,"create:encased_fluid_pipe":3,"minecraft:iron_ore":4,"minecraft:ice":2,"minecraft:waxed_copper_block":8,"create:spout":2,"minecraft:peony":1,"minecraft:gold_block":1,"create:mechanical_drill":6,"minecraft:grass":21,"minecraft:oak_log":64,"minecraft:coal_ore":33,"minecraft:dirt":3,"minecraft:sand":13,"minecraft:sunflower":1,"minecraft:stone":39,"minecraft:spruce_slab":1,"minecraft:fern":3}},"DataVersion":3465}