{"stats":{"minecraft:used":{"minecraft:stone_pickaxe":79,"minecraft:oak_planks":3,"minecraft:wooden_pickaxe":7,"minecraft:torch":3,"minecraft:sand":2,"minecraft:crafting_table":6,"minecraft:white_bed":1,"minecraft:apple":5,"minecraft:iron_pickaxe":16,"minecraft:golden_sword":1,"minecraft:stone_axe":69,"minecraft:furnace":2,"minecraft:cooked_porkchop":2,"minecraft:oak_boat":1,"minecraft:cooked_beef":9},"minecraft:dropped":{"minecraft:moss_carpet":2,"minecraft:wheat_seeds":12,"minecraft:golden_axe":2,"minecraft:rotten_flesh":2,"createloveandwar:robot_dog_valkyrie_skin":1,"minecraft:dirt":3,"minecraft:potato":1,"minecraft:torch":2,"minecraft:peony":1,"minecraft:oak_boat":1,"minecraft:oak_sapling":41,"minecraft:spruce_slab":1,"minecraft:sunflower":4,"minecraft:sand":7,"minecraft:wooden_pickaxe":2,"farmersdelight:tomato":1},"minecraft:killed":{"minecraft:pig":10,"minecraft:sheep":8,"minecraft:zombie":2,"minecraft:cow":10},"minecraft:crafted":{"minecraft:cooked_beef":3,"minecraft:oak_planks":108,"minecraft:cooked_porkchop":24,"minecraft:crafting_table":1,"minecraft:wooden_pickaxe":1,"minecraft:furnace":1,"minecraft:stone_axe":1,"minecraft:air":0,"minecraft:oak_boat":1,"minecraft:iron_chestplate":1,"minecraft:stick":8,"minecraft:iron_pickaxe":1,"minecraft:iron_ingot":3,"minecraft:stone_pickaxe":1,"minecraft:chest":1,"minecraft:iron_leggings":1,"minecraft:gold_ingot":9,"minecraft:white_bed":1,"minecraft:torch":24},"minecraft:picked_up":{"minecraft:crafting_table":5,"minecraft:cooked_beef":6,"minecraft:leather":7,"minecraft:wooden_pickaxe":2,"minecraft:potato":1,"minecraft:gold_block":1,"minecraft:oak_log":64,"minecraft:dirt":3,"farmersdelight:tomato":1,"minecraft:moss_carpet":2,"minecraft:apple":7,"minecraft:wheat_seeds":12,"create:mechanical_drill":6,"minecraft:beef":20,"minecraft:oak_boat":1,"minecraft:spruce_slab":1,"minecraft:furnace":2,"minecraft:stick":12,"minecraft:raw_iron":3,"minecraft:torch":3,"minecraft:sand":9,"createloveandwar:raw_sulphur":7,"minecraft:porkchop":24,"farmersdelight:tomato_seeds":5,"create:hand_crank":6,"minecraft:white_bed":1,"createloveandwar:robot_dog_valkyrie_skin":1,"minecraft:rotten_flesh":2,"minecraft:diamond":6,"minecraft:peony":1,"waystones:waystone":3,"minecraft:oak_sapling":41,"minecraft:mutton":15,"minecraft:coal":56,"minecraft:white_wool":8,"minecraft:cobblestone":45,"minecraft:sunflower":4},"minecraft:custom":{"minecraft:interact_with_furnace":17,"minecraft:mob_kills":30,"minecraft:interact_with_crafting_table":12,"minecraft:leave_game":1,"minecraft:time_since_death":65970,"minecraft:sleep_in_bed":2,"minecraft:time_since_rest":10417,"minecraft:sprint_one_cm":222570,"minecraft:damage_taken":685,"minecraft:walk_one_cm":103346,"minecraft:drop":75,"minecraft:damage_dealt":3040,"minecraft:swim_one_cm":7584,"minecraft:fly_one_cm":520498,"minecraft:open_chest":16,"minecraft:crouch_one_cm":171,"minecraft:play_time":65970,"minecraft:sneak_time":234,"minecraft:walk_under_water_one_cm":7600,"minecraft:boat_one_cm":135675,"minecraft:jump":1563,"minecraft:walk_on_water_one_cm":4343,"minecraft:total_world_time":65970,"minecraft:fall_one_cm":36127},"minecraft:mined":{"minecraft:diamond_ore":4,"minecraft:white_bed":1,"minecraft:crafting_table":5,"minecraft:torch":2,"createloveandwar:sulphur_ore":2,"minecraft:tall_grass":3,"minecraft:cobblestone":7,"farmersdelight:wild_tomatoes":5,"minecraft:wall_torch":1,"minecraft:large_fern":1,"minecraft:furnace":2,"minecraft:iron_ore":3,"minecraft:ice":2,"minecraft:peony":1,"minecraft:gold_block":1,"create:mechanical_drill":6,"minecraft:grass":21,"minecraft:oak_log":64,"minecraft:coal_ore":33,"minecraft:dirt":3,"minecraft:sand":13,"minecraft:sunflower":1,"minecraft:stone":39,"minecraft:spruce_slab":1,"minecraft:fern":3}},"DataVersion":3465}