{"stats":{"minecraft:used":{"minecraft:stone_shovel":189,"minecraft:stone_pickaxe":224,"minecraft:chest":3,"minecraft:wooden_pickaxe":7,"minecraft:bell":3,"minecraft:blue_bed":3,"minecraft:torch":25,"minecraft:dirt":69,"minecraft:crafting_table":6,"minecraft:white_bed":8,"minecraft:bread":20,"minecraft:bamboo":1,"minecraft:stone_axe":85,"minecraft:oak_boat":2,"minecraft:egg":1},"minecraft:dropped":{"minecraft:bread":42,"minecraft:crafting_table":1,"minecraft:rotten_flesh":1,"minecraft:torch":4},"minecraft:killed_by":{"minecraft:creeper":1},"minecraft:killed":{"minecraft:spider":2,"minecraft:sheep":3,"minecraft:drowned":1},"minecraft:crafted":{"minecraft:oak_planks":52,"minecraft:stone_shovel":2,"minecraft:crafting_table":2,"minecraft:wooden_pickaxe":1,"minecraft:blue_bed":1,"minecraft:stone_axe":1,"minecraft:bread":111,"minecraft:blue_dye":3,"minecraft:oak_boat":2,"minecraft:stick":12,"minecraft:stone_pickaxe":2,"minecraft:chest":2,"minecraft:blue_wool":3,"minecraft:torch":20,"minecraft:wheat":333},"minecraft:broken":{"minecraft:stone_pickaxe":1,"minecraft:stone_shovel":1},"minecraft:picked_up":{"minecraft:crafting_table":5,"minecraft:andesite":1,"minecraft:wooden_pickaxe":1,"create:schematic_table":3,"minecraft:oak_log":13,"minecraft:yellow_bed":3,"minecraft:string":1,"minecraft:cobblestone_stairs":6,"minecraft:dirt":177,"minecraft:cornflower":3,"minecraft:blue_bed":2,"minecraft:red_bed":2,"minecraft:apple":1,"minecraft:bow":1,"minecraft:wheat_seeds":11,"minecraft:bell":4,"minecraft:bamboo":1,"minecraft:chest":1,"minecraft:egg":1,"minecraft:stick":5,"create:cogwheel":4,"create:cuckoo_clock":2,"minecraft:torch":11,"minecraft:dandelion":1,"create:hand_crank":2,"minecraft:white_bed":11,"minecraft:arrow":11,"create:crimsite":1,"minecraft:rotten_flesh":1,"minecraft:hay_block":37,"minecraft:granite":44,"minecraft:oak_sapling":20,"minecraft:black_wool":1,"minecraft:cobblestone":139,"minecraft:mutton":6,"minecraft:coal":34,"minecraft:white_wool":2},"minecraft:custom":{"minecraft:mob_kills":6,"minecraft:interact_with_crafting_table":10,"minecraft:bell_ring":56,"minecraft:leave_game":1,"minecraft:time_since_death":81693,"minecraft:sleep_in_bed":4,"minecraft:time_since_rest":23120,"minecraft:sprint_one_cm":93918,"minecraft:damage_taken":1105,"minecraft:walk_one_cm":169827,"minecraft:drop":5,"minecraft:damage_dealt":779,"minecraft:swim_one_cm":3548,"minecraft:talked_to_villager":2,"minecraft:fly_one_cm":151661,"minecraft:open_chest":10,"minecraft:crouch_one_cm":2763,"minecraft:play_time":84015,"minecraft:deaths":1,"minecraft:sneak_time":776,"minecraft:walk_under_water_one_cm":412,"minecraft:boat_one_cm":360990,"minecraft:jump":697,"minecraft:walk_on_water_one_cm":4014,"minecraft:total_world_time":84015,"minecraft:fall_one_cm":14175},"minecraft:mined":{"minecraft:white_bed":11,"minecraft:red_bed":2,"minecraft:cobblestone_stairs":3,"minecraft:torch":1,"minecraft:crafting_table":4,"minecraft:cornflower":3,"minecraft:granite":44,"minecraft:grass_block":92,"minecraft:chest":1,"minecraft:tall_grass":2,"minecraft:cobblestone":7,"minecraft:potted_bamboo":1,"minecraft:wall_torch":2,"minecraft:blue_bed":2,"create:cuckoo_clock":1,"minecraft:hay_block":37,"create:schematic_table":2,"minecraft:andesite":1,"minecraft:yellow_bed":3,"minecraft:bell":3,"minecraft:grass":31,"minecraft:oak_log":13,"minecraft:coal_ore":34,"create:hand_crank":2,"minecraft:dirt":90,"minecraft:stone_bricks":1,"minecraft:stone":132,"create:crimsite":1,"create:andesite_encased_cogwheel":4,"minecraft:fern":2}},"DataVersion":3465}