{"stats":{"minecraft:used":{"minecraft:stone_shovel":148,"minecraft:stone_pickaxe":101,"minecraft:chest":1,"minecraft:wooden_pickaxe":7,"minecraft:blue_bed":1,"minecraft:torch":9,"minecraft:dirt":11,"minecraft:crafting_table":5,"minecraft:white_bed":1,"minecraft:bread":10,"minecraft:stone_axe":67,"minecraft:oak_boat":2,"minecraft:egg":1},"minecraft:dropped":{"minecraft:bread":42,"minecraft:crafting_table":1},"minecraft:broken":{"minecraft:stone_shovel":1},"minecraft:killed_by":{"minecraft:creeper":1},"minecraft:killed":{"minecraft:spider":1,"minecraft:sheep":3},"minecraft:crafted":{"minecraft:oak_planks":52,"minecraft:stone_shovel":2,"minecraft:crafting_table":2,"minecraft:wooden_pickaxe":1,"minecraft:blue_bed":1,"minecraft:stone_axe":1,"minecraft:bread":111,"minecraft:blue_dye":3,"minecraft:oak_boat":2,"minecraft:stick":8,"minecraft:stone_pickaxe":1,"minecraft:chest":1,"minecraft:blue_wool":3,"minecraft:torch":12,"minecraft:wheat":333},"minecraft:picked_up":{"minecraft:crafting_table":4,"minecraft:wooden_pickaxe":1,"create:schematic_table":2,"minecraft:oak_log":13,"minecraft:yellow_bed":2,"minecraft:cobblestone_stairs":6,"minecraft:dirt":138,"minecraft:cornflower":3,"minecraft:blue_bed":1,"minecraft:red_bed":1,"minecraft:apple":1,"minecraft:bow":1,"minecraft:wheat_seeds":9,"minecraft:bell":2,"minecraft:chest":1,"minecraft:egg":1,"minecraft:stick":5,"create:cogwheel":4,"create:cuckoo_clock":2,"minecraft:torch":1,"create:hand_crank":2,"minecraft:white_bed":5,"minecraft:arrow":11,"create:crimsite":1,"minecraft:rotten_flesh":1,"minecraft:hay_block":37,"minecraft:granite":13,"minecraft:oak_sapling":20,"minecraft:black_wool":1,"minecraft:cobblestone":65,"minecraft:mutton":6,"minecraft:coal":21,"minecraft:white_wool":2},"minecraft:custom":{"minecraft:mob_kills":4,"minecraft:interact_with_crafting_table":8,"minecraft:leave_game":1,"minecraft:time_since_death":57693,"minecraft:sleep_in_bed":3,"minecraft:time_since_rest":15824,"minecraft:sprint_one_cm":62821,"minecraft:damage_taken":645,"minecraft:walk_one_cm":107168,"minecraft:drop":2,"minecraft:damage_dealt":420,"minecraft:swim_one_cm":3548,"minecraft:talked_to_villager":2,"minecraft:fly_one_cm":108942,"minecraft:open_chest":5,"minecraft:crouch_one_cm":656,"minecraft:play_time":60015,"minecraft:deaths":1,"minecraft:sneak_time":207,"minecraft:walk_under_water_one_cm":412,"minecraft:boat_one_cm":360990,"minecraft:jump":451,"minecraft:walk_on_water_one_cm":4014,"minecraft:total_world_time":60015,"minecraft:fall_one_cm":9625},"minecraft:mined":{"minecraft:white_bed":5,"minecraft:red_bed":1,"minecraft:cobblestone_stairs":3,"minecraft:crafting_table":3,"minecraft:cornflower":3,"minecraft:granite":13,"minecraft:grass_block":78,"minecraft:chest":1,"minecraft:tall_grass":1,"minecraft:cobblestone":7,"minecraft:wall_torch":1,"minecraft:blue_bed":1,"create:cuckoo_clock":1,"minecraft:hay_block":37,"create:schematic_table":1,"minecraft:yellow_bed":2,"minecraft:bell":2,"minecraft:grass":13,"minecraft:oak_log":13,"minecraft:coal_ore":21,"create:hand_crank":2,"minecraft:dirt":60,"minecraft:stone":58,"create:crimsite":1,"create:andesite_encased_cogwheel":4,"minecraft:fern":2}},"DataVersion":3465}