{"stats":{"minecraft:used":{"minecraft:bread":9,"minecraft:stone_pickaxe":25,"minecraft:wooden_pickaxe":7,"minecraft:chest":1,"minecraft:blue_bed":1,"minecraft:stone_axe":57,"minecraft:crafting_table":4,"minecraft:oak_boat":2,"minecraft:egg":1},"minecraft:dropped":{"minecraft:bread":42,"minecraft:crafting_table":1},"minecraft:killed_by":{"minecraft:creeper":1},"minecraft:crafted":{"minecraft:blue_dye":3,"minecraft:oak_boat":2,"minecraft:oak_planks":52,"minecraft:stone_shovel":1,"minecraft:crafting_table":2,"minecraft:stick":4,"minecraft:wooden_pickaxe":1,"minecraft:stone_pickaxe":1,"minecraft:blue_wool":3,"minecraft:chest":1,"minecraft:blue_bed":1,"minecraft:stone_axe":1,"minecraft:bread":111,"minecraft:wheat":333},"minecraft:killed":{"minecraft:sheep":3,"minecraft:spider":1},"minecraft:picked_up":{"minecraft:stick":5,"minecraft:crafting_table":4,"create:cogwheel":4,"create:cuckoo_clock":1,"create:schematic_table":1,"minecraft:oak_log":13,"create:hand_crank":2,"minecraft:white_bed":1,"minecraft:cobblestone_stairs":3,"minecraft:cornflower":3,"minecraft:arrow":11,"minecraft:rotten_flesh":1,"minecraft:apple":1,"minecraft:bow":1,"minecraft:wheat_seeds":1,"minecraft:hay_block":37,"minecraft:coal":15,"minecraft:oak_sapling":10,"minecraft:black_wool":1,"minecraft:mutton":6,"minecraft:white_wool":2,"minecraft:cobblestone":11,"minecraft:egg":1},"minecraft:custom":{"minecraft:time_since_rest":3824,"minecraft:sprint_one_cm":43259,"minecraft:damage_taken":645,"minecraft:walk_one_cm":63044,"minecraft:mob_kills":4,"minecraft:drop":2,"minecraft:damage_dealt":420,"minecraft:talked_to_villager":1,"minecraft:swim_one_cm":3548,"minecraft:interact_with_crafting_table":7,"minecraft:fly_one_cm":63456,"minecraft:open_chest":4,"minecraft:crouch_one_cm":349,"minecraft:play_time":48015,"minecraft:deaths":1,"minecraft:sneak_time":82,"minecraft:walk_under_water_one_cm":412,"minecraft:boat_one_cm":360990,"minecraft:jump":284,"minecraft:leave_game":1,"minecraft:time_since_death":45693,"minecraft:walk_on_water_one_cm":4014,"minecraft:sleep_in_bed":3,"minecraft:total_world_time":48015,"minecraft:fall_one_cm":6252},"minecraft:mined":{"minecraft:hay_block":37,"create:schematic_table":1,"minecraft:white_bed":1,"minecraft:cobblestone_stairs":3,"minecraft:crafting_table":3,"minecraft:cornflower":3,"minecraft:grass":3,"minecraft:coal_ore":15,"minecraft:oak_log":13,"create:hand_crank":2,"minecraft:tall_grass":1,"minecraft:cobblestone":7,"minecraft:stone":4,"minecraft:fern":2,"create:andesite_encased_cogwheel":4,"create:cuckoo_clock":1}},"DataVersion":3465}