{"stats":{"minecraft:dropped":{"minecraft:crafting_table":1},"minecraft:used":{"minecraft:bread":5,"minecraft:stone_pickaxe":3,"minecraft:chest":1,"minecraft:wooden_pickaxe":7,"minecraft:blue_bed":1,"minecraft:stone_axe":54,"minecraft:crafting_table":3,"minecraft:oak_boat":1,"minecraft:egg":1},"minecraft:killed_by":{"minecraft:creeper":1},"minecraft:killed":{"minecraft:sheep":3},"minecraft:crafted":{"minecraft:blue_dye":3,"minecraft:oak_boat":1,"minecraft:oak_planks":52,"minecraft:stone_shovel":1,"minecraft:crafting_table":1,"minecraft:stick":4,"minecraft:wooden_pickaxe":1,"minecraft:stone_pickaxe":1,"minecraft:chest":1,"minecraft:blue_wool":3,"minecraft:blue_bed":1,"minecraft:stone_axe":1,"minecraft:bread":111,"minecraft:wheat":333},"minecraft:picked_up":{"minecraft:stick":5,"minecraft:crafting_table":3,"create:cogwheel":2,"create:cuckoo_clock":1,"create:schematic_table":1,"minecraft:oak_log":13,"create:hand_crank":1,"minecraft:white_bed":1,"minecraft:cobblestone_stairs":3,"minecraft:cornflower":3,"minecraft:apple":1,"minecraft:wheat_seeds":1,"minecraft:hay_block":37,"minecraft:oak_sapling":10,"minecraft:black_wool":1,"minecraft:mutton":6,"minecraft:white_wool":2,"minecraft:cobblestone":7,"minecraft:egg":1},"minecraft:custom":{"minecraft:time_since_rest":3411,"minecraft:sprint_one_cm":22653,"minecraft:damage_taken":465,"minecraft:walk_one_cm":36665,"minecraft:mob_kills":3,"minecraft:drop":1,"minecraft:damage_dealt":260,"minecraft:interact_with_crafting_table":6,"minecraft:swim_one_cm":3548,"minecraft:fly_one_cm":43654,"minecraft:open_chest":1,"minecraft:play_time":26618,"minecraft:deaths":1,"minecraft:sneak_time":1,"minecraft:walk_under_water_one_cm":412,"minecraft:boat_one_cm":359235,"minecraft:jump":197,"minecraft:walk_on_water_one_cm":2952,"minecraft:time_since_death":24296,"minecraft:sleep_in_bed":2,"minecraft:total_world_time":26618,"minecraft:fall_one_cm":5565},"minecraft:mined":{"minecraft:hay_block":37,"create:schematic_table":1,"minecraft:white_bed":1,"minecraft:cobblestone_stairs":3,"minecraft:cornflower":3,"minecraft:crafting_table":2,"minecraft:grass":2,"minecraft:oak_log":13,"create:hand_crank":1,"minecraft:tall_grass":1,"minecraft:cobblestone":7,"create:cuckoo_clock":1,"create:andesite_encased_cogwheel":2,"minecraft:fern":2}},"DataVersion":3465}