{"stats":{"minecraft:used":{"minecraft:crafting_table":1,"minecraft:wooden_pickaxe":7,"minecraft:egg":1},"minecraft:killed_by":{"minecraft:creeper":1},"minecraft:crafted":{"minecraft:oak_planks":52,"minecraft:crafting_table":1,"minecraft:stick":4,"minecraft:wooden_pickaxe":1},"minecraft:picked_up":{"minecraft:stick":5,"minecraft:apple":1,"minecraft:oak_log":13,"minecraft:oak_sapling":10,"minecraft:cobblestone":7,"minecraft:egg":1},"minecraft:custom":{"minecraft:time_since_rest":6329,"minecraft:walk_one_cm":8202,"minecraft:play_time":8618,"minecraft:sprint_one_cm":10657,"minecraft:damage_taken":465,"minecraft:deaths":1,"minecraft:walk_under_water_one_cm":412,"minecraft:jump":98,"minecraft:damage_dealt":20,"minecraft:time_since_death":6296,"minecraft:walk_on_water_one_cm":2912,"minecraft:total_world_time":8618,"minecraft:swim_one_cm":3548,"minecraft:interact_with_crafting_table":2,"minecraft:fall_one_cm":3773,"minecraft:fly_one_cm":20830},"minecraft:mined":{"minecraft:grass":1,"minecraft:oak_log":13,"minecraft:cobblestone":7}},"DataVersion":3465}