{"stats":{"minecraft:used":{"minecraft:stone_shovel":242,"minecraft:stone_pickaxe":240,"minecraft:chest":3,"minecraft:wooden_pickaxe":7,"minecraft:bell":3,"minecraft:blue_bed":3,"minecraft:torch":27,"minecraft:dirt":91,"minecraft:crafting_table":7,"minecraft:white_bed":8,"minecraft:bread":23,"minecraft:bamboo":1,"minecraft:stone_axe":112,"minecraft:furnace":2,"minecraft:oak_boat":2,"minecraft:egg":1},"minecraft:dropped":{"minecraft:bread":42,"minecraft:crafting_table":1,"minecraft:rotten_flesh":1,"minecraft:torch":4},"minecraft:killed_by":{"minecraft:creeper":1},"minecraft:killed":{"minecraft:spider":3,"minecraft:iron_golem":2,"minecraft:sheep":3,"minecraft:drowned":1},"minecraft:crafted":{"minecraft:oak_planks":52,"minecraft:stone_shovel":2,"minecraft:crafting_table":2,"minecraft:wooden_pickaxe":1,"minecraft:furnace":2,"minecraft:blue_bed":1,"minecraft:bucket":1,"minecraft:stone_axe":1,"minecraft:bread":111,"minecraft:blue_dye":3,"minecraft:oak_boat":2,"minecraft:iron_axe":1,"minecraft:stick":24,"minecraft:iron_pickaxe":1,"minecraft:stone_pickaxe":2,"minecraft:iron_shovel":1,"minecraft:chest":2,"minecraft:blue_wool":3,"minecraft:torch":40,"minecraft:wheat":333},"minecraft:broken":{"minecraft:stone_pickaxe":1,"minecraft:stone_axe":1,"minecraft:stone_shovel":1},"minecraft:picked_up":{"minecraft:crafting_table":6,"minecraft:andesite":1,"minecraft:wooden_pickaxe":1,"create:schematic_table":3,"minecraft:oak_log":13,"minecraft:yellow_bed":3,"minecraft:string":2,"minecraft:cobblestone_stairs":6,"minecraft:dirt":233,"minecraft:cornflower":3,"minecraft:blue_bed":3,"minecraft:red_bed":2,"minecraft:apple":1,"minecraft:bow":1,"minecraft:wheat_seeds":12,"minecraft:bell":4,"minecraft:iron_ingot":10,"minecraft:poppy":2,"minecraft:bamboo":1,"minecraft:chest":1,"minecraft:egg":1,"minecraft:stick":5,"create:cogwheel":4,"create:cuckoo_clock":2,"minecraft:torch":11,"minecraft:dandelion":1,"create:hand_crank":2,"minecraft:white_bed":14,"minecraft:arrow":11,"create:crimsite":1,"minecraft:rotten_flesh":1,"minecraft:hay_block":37,"minecraft:granite":46,"minecraft:oak_sapling":20,"minecraft:black_wool":1,"minecraft:cobblestone":153,"minecraft:mutton":6,"minecraft:coal":34,"minecraft:white_wool":2},"minecraft:custom":{"minecraft:interact_with_furnace":3,"minecraft:mob_kills":9,"minecraft:interact_with_crafting_table":13,"minecraft:bell_ring":56,"minecraft:leave_game":1,"minecraft:time_since_death":93693,"minecraft:sleep_in_bed":4,"minecraft:time_since_rest":35120,"minecraft:sprint_one_cm":97999,"minecraft:damage_taken":1255,"minecraft:walk_one_cm":195717,"minecraft:drop":5,"minecraft:damage_dealt":2662,"minecraft:swim_one_cm":3548,"minecraft:talked_to_villager":2,"minecraft:fly_one_cm":161677,"minecraft:open_chest":15,"minecraft:crouch_one_cm":3952,"minecraft:play_time":96015,"minecraft:deaths":1,"minecraft:sneak_time":2029,"minecraft:walk_under_water_one_cm":412,"minecraft:boat_one_cm":360990,"minecraft:jump":807,"minecraft:walk_on_water_one_cm":4014,"minecraft:total_world_time":96015,"minecraft:fall_one_cm":16501},"minecraft:mined":{"minecraft:white_bed":14,"minecraft:red_bed":2,"minecraft:cobblestone_stairs":3,"minecraft:torch":1,"minecraft:crafting_table":5,"minecraft:cornflower":3,"minecraft:granite":46,"minecraft:grass_block":98,"minecraft:chest":1,"minecraft:tall_grass":2,"minecraft:cobblestone":7,"minecraft:potted_bamboo":1,"minecraft:wall_torch":2,"minecraft:blue_bed":3,"create:cuckoo_clock":1,"minecraft:hay_block":37,"create:schematic_table":2,"minecraft:andesite":1,"minecraft:yellow_bed":3,"minecraft:bell":3,"minecraft:grass":33,"minecraft:oak_log":13,"minecraft:coal_ore":34,"create:hand_crank":2,"minecraft:dirt":139,"minecraft:stone_bricks":1,"minecraft:stone":146,"create:crimsite":1,"create:andesite_encased_cogwheel":4,"minecraft:fern":2}},"DataVersion":3465}