{"stats":{"minecraft:used":{"minecraft:stone_shovel":149,"minecraft:stone_pickaxe":223,"minecraft:chest":3,"minecraft:wooden_pickaxe":7,"minecraft:bell":3,"minecraft:blue_bed":2,"minecraft:torch":15,"minecraft:dirt":11,"minecraft:crafting_table":6,"minecraft:white_bed":1,"minecraft:bread":19,"minecraft:bamboo":1,"minecraft:stone_axe":84,"minecraft:oak_boat":2,"minecraft:egg":1},"minecraft:dropped":{"minecraft:bread":42,"minecraft:crafting_table":1,"minecraft:rotten_flesh":1,"minecraft:torch":4},"minecraft:killed_by":{"minecraft:creeper":1},"minecraft:killed":{"minecraft:spider":2,"minecraft:sheep":3,"minecraft:drowned":1},"minecraft:crafted":{"minecraft:oak_planks":52,"minecraft:stone_shovel":2,"minecraft:crafting_table":2,"minecraft:wooden_pickaxe":1,"minecraft:blue_bed":1,"minecraft:stone_axe":1,"minecraft:bread":111,"minecraft:blue_dye":3,"minecraft:oak_boat":2,"minecraft:stick":12,"minecraft:stone_pickaxe":2,"minecraft:chest":2,"minecraft:blue_wool":3,"minecraft:torch":12,"minecraft:wheat":333},"minecraft:broken":{"minecraft:stone_pickaxe":1,"minecraft:stone_shovel":1},"minecraft:picked_up":{"minecraft:crafting_table":5,"minecraft:andesite":1,"minecraft:wooden_pickaxe":1,"create:schematic_table":2,"minecraft:oak_log":13,"minecraft:yellow_bed":3,"minecraft:string":1,"minecraft:cobblestone_stairs":6,"minecraft:dirt":139,"minecraft:cornflower":3,"minecraft:blue_bed":1,"minecraft:red_bed":2,"minecraft:apple":1,"minecraft:bow":1,"minecraft:wheat_seeds":10,"minecraft:bell":4,"minecraft:bamboo":1,"minecraft:chest":1,"minecraft:egg":1,"minecraft:stick":5,"create:cogwheel":4,"create:cuckoo_clock":2,"minecraft:torch":10,"minecraft:dandelion":1,"create:hand_crank":2,"minecraft:white_bed":7,"minecraft:arrow":11,"create:crimsite":1,"minecraft:rotten_flesh":1,"minecraft:hay_block":37,"minecraft:granite":44,"minecraft:oak_sapling":20,"minecraft:black_wool":1,"minecraft:cobblestone":138,"minecraft:mutton":6,"minecraft:coal":34,"minecraft:white_wool":2},"minecraft:custom":{"minecraft:mob_kills":6,"minecraft:interact_with_crafting_table":10,"minecraft:bell_ring":21,"minecraft:leave_game":1,"minecraft:time_since_death":69693,"minecraft:sleep_in_bed":4,"minecraft:time_since_rest":11120,"minecraft:sprint_one_cm":80245,"minecraft:damage_taken":1095,"minecraft:walk_one_cm":140305,"minecraft:drop":5,"minecraft:damage_dealt":779,"minecraft:swim_one_cm":3548,"minecraft:talked_to_villager":2,"minecraft:fly_one_cm":136824,"minecraft:open_chest":9,"minecraft:crouch_one_cm":656,"minecraft:play_time":72015,"minecraft:deaths":1,"minecraft:sneak_time":208,"minecraft:walk_under_water_one_cm":412,"minecraft:boat_one_cm":360990,"minecraft:jump":602,"minecraft:walk_on_water_one_cm":4014,"minecraft:total_world_time":72015,"minecraft:fall_one_cm":11837},"minecraft:mined":{"minecraft:white_bed":7,"minecraft:red_bed":2,"minecraft:cobblestone_stairs":3,"minecraft:torch":1,"minecraft:crafting_table":4,"minecraft:cornflower":3,"minecraft:granite":44,"minecraft:grass_block":79,"minecraft:chest":1,"minecraft:tall_grass":2,"minecraft:cobblestone":7,"minecraft:potted_bamboo":1,"minecraft:wall_torch":2,"minecraft:blue_bed":1,"create:cuckoo_clock":1,"minecraft:hay_block":37,"create:schematic_table":1,"minecraft:andesite":1,"minecraft:yellow_bed":3,"minecraft:bell":3,"minecraft:grass":18,"minecraft:oak_log":13,"minecraft:coal_ore":34,"create:hand_crank":2,"minecraft:dirt":60,"minecraft:stone_bricks":1,"minecraft:stone":131,"create:crimsite":1,"create:andesite_encased_cogwheel":4,"minecraft:fern":2}},"DataVersion":3465}